<?xml version="1.0" encoding="UTF-8"?>
<alfresco-config>
	<!-- Document Library config section -->
	
	<!-- START this section causes the model to show up in default editors page 20 content tutorial -->
	<config evaluator="string-compare" condition="DocumentLibrary">
		<aspects>
			<!-- Aspects that a user can see -->
			<visible>
				<aspect name="trax1:activity" />
				</visible>
			<!-- Aspects that a user can add. Same as "visible" if left empty -->
			<addable />
			<!-- Aspects that a user can remove. Same as "visible" if left empty -->
			<removeable />
			</aspects>
		<types>
			<type name="cm:content">
				<subtype name="trax1:activity" />
				</type>
			</types>
		￼￼
		</config>
	<!-- END this section causes the model to show up in default editors page 20 content tutorial -->
	
	
	<!-- START customize editor for EXISTING nodes ================================================== -->
	<!-- cm:content type (existing nodes) -->
	<config evaluator="node-type" condition="trax1:activity">
		<forms>
			<!-- Default form configuration for the cm:content type -->
			<form>
				<field-visibility>
					<show id="trax1:otherId" force="true" />
					<show id="trax1:title" force="true" />
					<show id="trax1:assessment" force="true" />
					<show id="trax1:lessons" force="true" />
					<show id="trax1:projects" force="true" />
					<show id="trax1:rubric" force="true" />
					<show id="trax1:certificates" force="true" />
				</field-visibility>
				<appearance>
					<field id="trax1:otherId" label-id="type.trax1_otherId" />
					<field id="trax1:title" label-id="type.trax1_title" />
					<field id="trax1:assessment" label-id="assoc.trax1_assessment" />
					<field id="trax1:lessons" label-id="assoc.trax1_lessons" />
					<field id="trax1:projects" label-id="assoc.trax1_projects" />
					<field id="trax1:rubric" label-id="assoc.trax1_rubric" />
					<field id="trax1:certificates" label-id="assoc.trax1_certificates" />
				</appearance>
			</form>
			
			<!-- Document Library pop-up Edit Metadata form -->
			<form id="doclib-simple-metadata">
				<field-visibility>
					<show id="trax1:otherId" force="true" />
					<show id="trax1:title" force="true" />
					</field-visibility>
				<edit-form template="../documentlibrary/forms/doclib-simple-metadata.ftl" />
				<appearance>
					<field id="trax1:otherId" label-id="type.trax1_otherId" />
					<field id="trax1:title" label-id="type.trax1_title" />
					</appearance>
				</form>
			
			<!-- Document Library Inline Edit form -->
			<form id="doclib-inline-edit">
				<field-visibility>
					<field id="trax1:otherId" label-id="type.trax1_otherId" />
					<field id="trax1:title" label-id="type.trax1_title" />
					</field-visibility>
				<appearance>
					<field id="trax1:otherId" label-id="assoc.trax1_otherId" />
					<field id="trax1:title" label-id="assoc.trax1_title" />
					</appearance>
				</form>
			</forms>
		</config>
	<!-- end customize editor for EXISTING nodes ================================================== -->
	
	
	<config evaluator="string-compare" condition="DocumentLibrary">

        <types>

            <type name="cm:folder">

                <subtype name="trax1:learningContent"/>

            </type>

            <type name="trax1:learningContent">

                <subtype name="cm:folder"/>

            </type>

      </types>

    </config>
</alfresco-config>